{
    "type": "origins:fire_projectile",
    "entity_type": "minecraft:arrow",
    "cooldown": 200,
    "count": 1,
    "speed": 6.0,
    "divergence": 1.0,
    "sound": "minecraft:entity.skeleton.shoot",
    "tag": "{pickup:0b,CustomPotionEffects:[{Id:2,Duration:120,Amplifier:0b},{Id:18,Duration:120,Amplifier:0b},{Id:9,Duration:120,Amplifier:0b}]}",
    "key": {
        "key": "key.origins.primary_active",
        "continuous": false
    },
    "hud_render": {
        "should_render": true,
        "sprite_location": "origins:textures/gui/community/huang/resource_bar_02.png",
        "bar_index": 8
    },
    "name": "Natural Neddle",
    "description": "Shoot a harmful cactus spike"
}
