{
    "type": "origins:action_over_time",
    "interval": 40,
    "entity_action": {
        "type": "origins:feed",
        "food": 2,
        "saturation": 0
    },
    "condition": {
        "type": "origins:and",
        "conditions": [
            {
                "type": "origins:daytime"
            },
            {
                "type": "origins:exposed_to_sky"
            },
            {
                "type": "origins:dimension",
                "dimension": "minecraft:overworld"
            }
        ]
    },
    "name": "Day Sated",
    "description": "Gets sated while in contact with day light"
}